[{"pk": 1, "model": "pa.category", "fields": {"description": "Direct Clinical Care", "grouping": "d"}}, {"pk": 2, "model": "pa.category", "fields": {"description": "Meetings", "grouping": "d"}}, {"pk": 3, "model": "pa.category", "fields": {"description": "Travel to meetings (not to usual place of work)", "grouping": "d"}}, {"pk": 4, "model": "pa.category", "fields": {"description": "Clinical Administration", "grouping": "d"}}, {"pk": 5, "model": "pa.category", "fields": {"description": "Non-Clinical Administration", "grouping": "i"}}, {"pk": 6, "model": "pa.category", "fields": {"description": "PIMS Data", "grouping": "i"}}, {"pk": 7, "model": "pa.category", "fields": {"description": "Delivering Clinical Supervision", "grouping": "i"}}, {"pk": 8, "model": "pa.category", "fields": {"description": "Teaching/Training", "grouping": "i"}}, {"pk": 9, "model": "pa.category", "fields": {"description": "Audit/Clinical Governance/Research and Development", "grouping": "o"}}, {"pk": 10, "model": "pa.category", "fields": {"description": "Personal Development", "grouping": "o"}}, {"pk": 11, "model": "pa.category", "fields": {"description": "External work with Local/National impact", "grouping": "o"}}, {"pk": 12, "model": "pa.category", "fields": {"description": "Management", "grouping": "o"}}, {"pk": 1, "model": "pa.activity", "fields": {"category": 1, "description": "Face to face with clinical contact (individual/couple)"}}, {"pk": 2, "model": "pa.activity", "fields": {"category": 1, "description": "Face to face clinical contact (group)"}}, {"pk": 3, "model": "pa.activity", "fields": {"category": 1, "description": "Clinical telephone contact"}}, {"pk": 4, "model": "pa.activity", "fields": {"category": 1, "description": "Contact with family/significant others"}}, {"pk": 5, "model": "pa.activity", "fields": {"category": 2, "description": "Clinical MDT"}}, {"pk": 6, "model": "pa.activity", "fields": {"category": 2, "description": "Non-clinical"}}, {"pk": 7, "model": "pa.activity", "fields": {"category": 3, "description": "From where to where"}}, {"pk": 8, "model": "pa.activity", "fields": {"category": 4, "description": "Clinical record keeping"}}, {"pk": 9, "model": "pa.activity", "fields": {"category": 3, "description": "Clinical letters and reports"}}, {"pk": 10, "model": "pa.activity", "fields": {"category": 3, "description": "Dictations"}}, {"pk": 11, "model": "pa.activity", "fields": {"category": 3, "description": "E-mails re: clinical work"}}, {"pk": 12, "model": "pa.activity", "fields": {"category": 4, "description": "Scoring clinical test results and/or outcome measures"}}, {"pk": 13, "model": "pa.activity", "fields": {"category": 4, "description": "Dealing with waiting list queries"}}, {"pk": 14, "model": "pa.activity", "fields": {"category": 5, "description": "Managerial tasks e.g. inputting STSS, check leave sheets"}}, {"pk": 15, "model": "pa.activity", "fields": {"category": 5, "description": "Filing"}}, {"pk": 16, "model": "pa.activity", "fields": {"category": 5, "description": "Photocopying e.g. handouts"}}, {"pk": 17, "model": "pa.activity", "fields": {"category": 5, "description": "Answering the phone for non-clinical calls"}}, {"pk": 18, "model": "pa.activity", "fields": {"category": 5, "description": "Dealing with people at reception"}}, {"pk": 19, "model": "pa.activity", "fields": {"category": 5, "description": "Dealing with broken machinery"}}, {"pk": 20, "model": "pa.activity", "fields": {"category": 5, "description": "Dealing with problems with the building"}}, {"pk": 21, "model": "pa.activity", "fields": {"category": 6, "description": "Updating contact information"}}, {"pk": 22, "model": "pa.activity", "fields": {"category": 6, "description": "Removing/Adding to waiting lists"}}, {"pk": 23, "model": "pa.activity", "fields": {"category": 7, "description": "Individual supervision"}}, {"pk": 24, "model": "pa.activity", "fields": {"category": 7, "description": "Group supervision"}}, {"pk": 25, "model": "pa.activity", "fields": {"category": 7, "description": "Consultancy/advice without direct clinical contact"}}, {"pk": 26, "model": "pa.activity", "fields": {"category": 7, "description": "Other? specify"}}, {"pk": 27, "model": "pa.activity", "fields": {"category": 8, "description": "Preparation and delivery of teaching/training for service development"}}, {"pk": 28, "model": "pa.activity", "fields": {"category": 8, "description": "Other? specify"}}, {"pk": 29, "model": "pa.activity", "fields": {"category": 9, "description": "Ethics committees"}}, {"pk": 30, "model": "pa.activity", "fields": {"category": 9, "description": "Preparation for R&D"}}, {"pk": 31, "model": "pa.activity", "fields": {"category": 9, "description": "Research supervision"}}, {"pk": 32, "model": "pa.activity", "fields": {"category": 9, "description": "Service development"}}, {"pk": 33, "model": "pa.activity", "fields": {"category": 9, "description": "Appraisal"}}, {"pk": 34, "model": "pa.activity", "fields": {"category": 9, "description": "Other? specify"}}, {"pk": 35, "model": "pa.activity", "fields": {"category": 10, "description": "Receiving personal supervision"}}, {"pk": 36, "model": "pa.activity", "fields": {"category": 10, "description": "Training evens received (conference/meeting)"}}, {"pk": 37, "model": "pa.activity", "fields": {"category": 10, "description": "Self directed learning"}}, {"pk": 38, "model": "pa.activity", "fields": {"category": 10, "description": "Receiving mentorship"}}, {"pk": 39, "model": "pa.activity", "fields": {"category": 10, "description": "Mandatory Training"}}, {"pk": 40, "model": "pa.activity", "fields": {"category": 10, "description": "Other? Specify"}}, {"pk": 41, "model": "pa.activity", "fields": {"category": 11, "description": "DCP/BPS"}}, {"pk": 42, "model": "pa.activity", "fields": {"category": 11, "description": "SIGN/NICE"}}, {"pk": 43, "model": "pa.activity", "fields": {"category": 11, "description": "External examiner"}}, {"pk": 44, "model": "pa.activity", "fields": {"category": 11, "description": "Trade union"}}, {"pk": 45, "model": "pa.activity", "fields": {"category": 11, "description": "Other? Specify e.g. Representative for NHS Lothian at meeting"}}, {"pk": 46, "model": "pa.activity", "fields": {"category": 12, "description": "Management meetings"}}, {"pk": 47, "model": "pa.activity", "fields": {"category": 12, "description": "Service administration (inc. emails)"}}, {"pk": 1, "model": "pa.profession", "fields": {"name": "Clinical Psychologist"}}, {"pk": 2, "model": "pa.profession", "fields": {"name": "Consultant Clinical Psychologist"}}, {"pk": 3, "model": "pa.profession", "fields": {"name": "CAAP"}}, {"pk": 4, "model": "pa.profession", "fields": {"name": "CAAP trainee"}}, {"pk": 5, "model": "pa.profession", "fields": {"name": "Clinical Psychology Trainee"}}]